type_stands,X,Y,Easting,Northing,location_stand,no_stands
Sheffield Stand,-6.22726053,53.34779261,318106.414,234502.185,East wall road outside the O2,4
Sheffield Stand,-6.265138686,53.33424783,315620.753,232932.916,"Camden street lower, outside centra shop",1
Sheffield Stand,-6.249765605,53.34494805,316615.57,234148.652,Marks lane,2
Sheffield Stand,-6.251051724,53.34851312,316520.2,234543.281,"Custom House Quay, outside AIB International Centre",1
Sheffield Stand,-6.242272854,53.34296483,317119.98,233940.217,Pearce street outside garden area,3
Sheffield Stand,-6.262080967,53.34817688,315786.687,234487.924,"Middle abbey street, outside arnotts carpark",2
Sheffield Stand,-6.25176385,53.35182974,316463.739,234911.2,Foley street,3
Sheffield Stand,-6.268160194,53.35686542,315358.411,235444.966,Bloomington street outside Dargans pharmacy.,3
Sheffield Stand,-6.264363527,53.35398625,315618.97,235130.706,Parnell square north,4
Sheffield Stand,-6.262504756,53.34211451,315774.891,233812.603,"William street south, duke street gallery.",2
Sheffield Stand,-6.271338612,53.35055212,315163.824,234737.276,North king street,2
Sheffield Stand,-6.245986372,53.33485887,316894.837,233032.088,Maggot street lower outside Medmark healthcare ,2
Railing,-6.262797117,53.33769129,315767.401,233319.904,"Cuffe street, across from O'callaghan Stephen green hotel",5
Sheffield Stand,-6.25826081,53.35392471,316025.458,235133.756,Parnell street outside temple hall,2
Sheffield Stand,-6.264474839,53.3509772,315619.703,234795.672,Parnell street outside beauty chic,2
Sheffield Stand,-6.259794384,53.35342112,315924.719,235075.225,"Parnell street, outside 147 deli",2
Sheffield Stand,-6.265522242,53.33630513,315589.64,233161.236,"Wexford street, Infront of bank of ireland",2
Sheffield Stand,-6.264283061,53.34393043,315651.544,234011.802,"Bottom of George's street, beside the mercantile",6
Sheffield Stand,-6.252724081,53.33299531,316451.114,232813.702,Fitzwilliam Place,2
Sheffield Stand,-6.268814653,53.34846989,315337.504,234509.634,Capel street outside AIB bank,1
Railing,-6.250445545,53.341293,316580.261,233740.801,Merrion street lower,4
Railing,-6.258763075,53.33366002,316047.035,232877.843,Earlsfort Terrace,4
Sheffield Stand,-6.257420629,53.34867644,316095.659,234551.083,Abbey street lower near abbey street luas station,3
Sheffield Stand,-6.249542981,53.35221799,316610.552,234958.029,Amiens street under train tracks,3
Sheffield Stand,-6.259003133,53.35921696,315961.665,235721.484,North circular road outside carolans off licence,2
Sheffield Stand,-6.26837343,53.35274391,315355.344,234985.97,"Dorset Street Upper, outside Ritzy Rags Shop",2
Sheffield Stand,-6.252315044,53.35165203,316427.523,234890.525,Foley street,3
Sheffield Stand,-6.268642992,53.35275832,315337.357,234987.138,Dorset street upper outside techno logic ,2
Sheffield Stand,-6.261105984,53.35264945,315839.483,234987.223,Parnell street outside lomdis,2
Sheffield Stand,-6.257088035,53.35410392,316103.055,235155.605,Top of Parnell street opposite Londis,2
Sheffield Stand,-6.261493564,53.33916468,315850.231,233485.98,"St Stephens green Luas, in front of certus",5
Sheffield Stand,-6.254994571,53.34695679,316261.885,234363.663,Tara street,4
Sheffield Stand,-6.228922158,53.34845548,317993.936,234573.204,Mayor street upper beside the point luas station,6
Sheffield Stand,-6.258693337,53.35708473,315988.079,235484.708,Mountjoy square noeth,5
Sheffield Stand,-6.263477057,53.34307452,315707.538,233917.86,"Exchequer Street, outside Fallon Byrne ",1
Sheffield Stand,-6.267122179,53.34103437,315470.295,233684.928,"Stephens street upper, beside IBOA House",6
Sheffield Stand,-6.264492273,53.34339079,315639.072,233951.41,George's street great south outside Dublin business school,4
Sheffield Stand,-6.263179332,53.34308013,315727.351,233918.966,Exchequer street,2
Sheffield Stand,-6.266077459,53.3471065,315523.457,234362.337,Jervis street,2
Sheffield Stand,-6.272172779,53.34126417,315133.303,233702.346,Patrick street opposite daybreak shop,2
Sheffield Stand,-6.275383383,53.34595443,314906.864,234219.119,Opposite 179 Church street,4
Sheffield Stand,-6.248770505,53.33677519,316704.154,233240.786,Baht street lower outside Larry Murphy's,2
Sheffield Stand,-6.247810274,53.33588071,316770.555,233142.817,Maggot street lower outside bank of ireland,4
Sheffield Stand,-6.255081743,53.34158766,316270.688,233766.034,,2
Sheffield Stand,-6.24988094,53.34336116,316612.22,233971.872,Westland row,3
Sheffield Stand,-6.245094538,53.34337317,316930.946,233981.034,Pearce street,2
Sheffield Stand,-6.26622498,53.33866101,315536.464,233422.266,Aungier street outside DIT,5
Sheffield Stand,-6.269459724,53.35013744,315290.05,234694.162,Capel street outside Dublin College of Advanced Studies,4
Sheffield Stand,-6.268934011,53.35202907,315319.949,234905.516,Kings Inn Street,4
Sheffield Stand,-6.257198006,53.35419437,316095.487,235165.492,top of Parnell street,4
Sheffield Stand,-6.264808774,53.3508299,315597.866,234778.739,"Parnell Street, outside Burger King",4
Sheffield Stand,-6.267952323,53.348618,315394.526,234527.509,Mary street outside Mary Mall,2
Sheffield Stand,-6.269868761,53.35896725,315238.991,235676.104,Berkeley road outside Flanagans pharmacy,2
Stainless Steel Curved,-6.24368906,53.34900307,317009.128,234609.842,Mayor street lower outside AIB,6
Stainless Steel Curved,-6.24969855,53.34960348,316607.33,234666.827,George's Dock across the road from KPMG,4
Railing,-6.260666102,53.34371105,315893.014,233993.252,Suffolk street,4
Railing,-6.261174381,53.3400639,315869.052,233586.565,,4
Railing,-6.249374002,53.34383275,316644.693,234025.179,Westmoreland street,4
Railing,-6.255238652,53.34522827,316250.334,234170.913,Pearce street,4
Sheffield Stand,-6.267784685,53.34989648,315402.235,234670.053,"Wolfe Tone Street, outside Alexanders bridal shop",3
Sheffield Stand,-6.268844157,53.3519178,315326.232,234893.278,Start of kings inn street,4
Sheffield Stand,-6.266541481,53.34864922,315488.388,234533.264,"Jervis street, outside McDonolds.",3
Sheffield Stand,-6.26539886,53.33448808,315602.772,232959.23,Camden street lower,2
Sheffield Stand,-6.27489002,53.34357364,314946.122,233954.973,High street,5
Sheffield Stand,-6.263350993,53.33909021,315726.722,233474.681,"York street, royal college of surgeons",10
Sheffield Stand,-6.268060952,53.34999014,315383.587,234680.029,Parnell street,3
Sheffield Stand,-6.259502023,53.35296244,315945.429,235024.657,Marlborough street outside eircom and kanoodle,8
Sheffield Stand,-6.266872734,53.35033197,315461.782,234719.989,Parnell street outside euro giant,5
Sheffield Stand,-6.256611943,53.35440329,316133.939,235189.694,Start of Summer hill,3
Sheffield Stand,-6.26113683,53.34013196,315871.369,233594.199,"St. Stephens Green, outside oxfam and specsavers",8
Sheffield Stand,-6.267641187,53.34997173,315411.587,234678.658,"Parnell Street, outside Alexander's bridal shop",6
Sheffield Stand,-6.250421405,53.34094069,316582.83,233701.635,Merrion square North,4
Sheffield Stand,-6.243741363,53.33881395,317033.547,233475.893,Mount street lower opposite new mount house,4
Sheffield Stand,-6.263815016,53.33274144,315713.001,232767.425,"Harcourt road, in front of regius building",4
Sheffield Stand,-6.264456064,53.33893887,315653.53,233456.05,Mercer street outside DCC,8
Sheffield Stand,-6.259013861,53.352234,315979.91,234944.387,Marlborough street outside admiral restraunt,4
Sheffield Stand,-6.255112588,53.34845308,316249.955,234529.981,Eden Quay ooutside Liberty Hall,2
Sheffield Stand,-6.254687458,53.35073224,316272.062,234784.303,Talbot Street outside Singer shop,5
Sheffield Stand,-6.262134612,53.33883157,315808.438,233447.871,"York street, across from Dublinbike station",10
Sheffield Stand,-6.263308078,53.34064683,315725.365,233647.975,Johnstons place outside pearls shop,5
Sheffield Stand,-6.26537472,53.33501182,315602.964,233017.552,"Camden street lower, outside cracker nut cafe",4
Sheffield Stand,-6.265439093,53.35618587,315541.409,235373.744,Blessignton street outside La Pausa cafe,2
Sheffield Stand,-6.259095669,53.35946908,315954.82,235749.39,North circular road and belvidire road junction,3
Sheffield Stand,-6.265355945,53.3351824,315603.753,233036.565,"Camden street lower, across from Fontana cafe",2
Sheffield Stand,-6.265075654,53.35358842,315572.633,235085.282,Parnell square west,4
Sheffield Stand,-6.250158548,53.34184388,316597.872,233802.573,Merrion street lower island,4
Sheffield Stand,-6.256172061,53.3341197,316218.377,232933.21,Hatch street lower,3
Sheffield Stand,-6.268229932,53.34716815,315379.955,234365.718,Capel street outside capel kebab and pizza house,3
Sheffield Stand,-6.266204864,53.34744836,315514.049,234400.174,Jervis street opposite TP Smiths,3
Sheffield Stand,-6.27913177,53.34645482,314655.905,234268.779,Aaran quay outside bank of Ireland,4
Sheffield Stand,-6.267873198,53.34572226,315407.616,234205.393,Grattan bridge ,6
Sheffield Stand,-6.267226785,53.34433076,315454.422,234051.588,Parliament Street across from florentina restaurant,3
Sheffield Stand,-6.267397106,53.34442924,315442.813,234062.272,"Parliament street, outside subway ",2
Sheffield Stand,-6.257717013,53.34716014,316080.042,234381.864,Burgh quay,4
Sheffield Stand,-6.292895526,53.33847123,313760.594,233358.334,Fatima luas stop,5
Sheffield Stand,-6.277207285,53.34695199,314782.725,234327.197,Phoenix street north,7
Sheffield Stand,-6.246668994,53.33943693,316836.853,233540.426,Merrion square east,5
Sheffield Stand,-6.270769984,53.35073624,315201.19,234758.683,North kings street,3
Sheffield Stand,-6.270670742,53.35059775,315208.171,234743.431,North kings streetboutside macro,3
Sheffield Stand,-6.248680651,53.33709791,316709.257,233276.846,Fitzwilliam street lower,4
Sheffield Stand,-6.272837967,53.36211259,315032.851,236021.338,Phisborough road opposite mc donalds,3
Sheffield Stand,-6.262333095,53.34814966,315769.972,234484.486,Middle abbey street ,3
Sheffield Stand,-6.262656301,53.34799275,315748.875,234466.501,Middle abbey street outside hidden hearing.,4
Sheffield Stand,-6.260793507,53.3481929,315872.375,234491.795,"Middle abbey street, outside celebration party shop.",4
Sheffield Stand,-6.256654859,53.33898211,316173.002,233473.523,St Stephen's green North,8
Sheffield Stand,-6.255034804,53.34144673,316274.198,233750.427,,3
Sheffield Stand,-6.258557886,53.34909033,316018.807,234595.293,Sack like place,2
Sheffield Stand,-6.257915497,53.34132102,316082.686,233731.752,Goldsworthy street outside Foxx Coffee House,6
Sheffield Stand,-6.252296269,53.34185349,316455.475,233800.154,Lincoln Place,4
Sheffield Stand,-6.244401187,53.33711313,316994.256,233285.541,Mount street upper,6
Sheffield Stand,-6.245165616,53.33927038,316937.438,233524.352,Mount street lower opposite howl at the moon club,3
Sheffield Stand,-6.253649443,53.34738591,316350.291,234413.607,Georges Quay,2
Stainless Steel Curved,-6.238718927,53.34301848,317356.514,233952.022,Grand canal docks,5
Stainless Steel Curved,-6.238583475,53.34339239,317364.508,233993.854,Grand canal docks outside fresh,4
Stainless Steel Curved,-6.236217767,53.34491682,317517.864,234167.385,Blood stone road,4
Stainless Steel Curved,-6.24309361,53.3476477,317052.491,234459.99,"Both wall quay, opposite the Spenser. ",4
Stainless Steel Curved,-6.2415272,53.34621063,317160.739,234302.639,Sir john Robertson quay,4
Sheffield Stand,-6.252639592,53.3417502,316432.892,233788.1,Start of Leinster street south,3
Sheffield Stand,-6.259177476,53.35260382,315968.012,234985.276,Marlborough street opposite An Board Pleanala ,5
Railing,-6.240792274,53.3378138,317232.711,233369.431,Mount street lower outside board bia,4
Sheffield Stand,-6.265382767,53.33482844,315602.924,232997.132,"Camden street lower, Infront of enable ireland",5
Sheffield Stand,-6.245928705,53.35520694,316843.026,235296.554,North strand road,4
Sheffield Stand,-6.248283684,53.35334747,316691.315,235085.778,Amiens street outside the funky skunk,4
Sheffield Stand,-6.269626021,53.35134383,315275.722,234828.143,"Bolton Street, outside DIT",7
Sheffield Stand,-6.25492081,53.34901267,316261.203,234592.566,Eden Quay outside Beresford Court,4
Sheffield Stand,-6.254671365,53.35066259,316273.323,234776.579,Talbot street outside Guiney and co.,6
Sheffield Stand,-6.258886456,53.3537389,315984.307,235112.062,Top of Parnell street outside Foleys pharmacy,4
Sheffield Stand,-6.260423362,53.3399558,315919.365,233575.754,St Stephens green north outside permanent tsb,10
Sheffield Stand,-6.267024279,53.34998454,315452.63,234681.081,Jervis Street outside Penny's,5
Sheffield Stand,-6.265439093,53.33662064,315594.326,233196.481,"Wexford street, djinn shop, across the road from opium
",2
Sheffield Stand,-6.266015768,53.3392936,315548.689,233493,"Aungier street, outside YMCA",5
Sheffield Stand,-6.25944972,53.35237568,315950.504,234959.445,Cathal Brugha street,4
Sheffield Stand,-6.259444356,53.35225641,315951.185,234946.182,Cathal Brugha Street outside DIT,9
Sheffield Stand,-6.26539886,53.33423822,315603.448,232931.425,"Camden street lower, Simon community shop,.",5
Sheffield Stand,-6.262373328,53.34211691,315783.638,233813.084,Coppinger row,8
Sheffield Stand,-6.263774782,53.35127979,315665.497,234830.478,Parnell street outside Centra ,6
Sheffield Stand,-6.257439405,53.3362755,316128.101,233171.05,Start of st. Stephen's Green terrace. ,4
Sheffield Stand,-6.25215143,53.33690652,316478.602,233249.882,"Pembroke street lower, opposite coffee angel.",4
Sheffield Stand,-6.259725988,53.34860279,315942.348,234539.141,"O'Connell street, median, behind Sir John Gray monument",4
Sheffield Stand,-6.274455339,53.33232339,315005.336,232703.719,South Circular road tesco,3
Sheffield Stand,-6.266537458,53.34511458,315498.21,234139.928,"Essex street east, outside the Clarence hotel",3
Sheffield Stand,-6.273295283,53.33919831,315064.105,233470.644,The coombe outside ovenden house. ,4
Sheffield Stand,-6.260206103,53.34439721,315921.787,234070.356,"College green, median",13
Sheffield Stand,-6.2726596,53.35032477,315076.477,234709.847,North king street,5
Sheffield Stand,-6.253476441,53.3323394,316402.783,232739.484,End of Adelaide road beside kiosk,4
Sheffield Stand,-6.250662804,53.33551714,316581.544,233097.698,Start of Fitzwilliam square north,4
Sheffield Stand,-6.261388958,53.34824573,315832.581,234496.708,"Middle abbey street,  outside independent house newspaper limited.",10
Sheffield Stand,-6.263314784,53.34790949,315705.252,234456.169,"Middle abbey street, outside austrailia travel.",5
Sheffield Stand,-6.241157055,53.33936646,317204.157,233541.615,Grand canal street lower,4
Sheffield Stand,-6.244124919,53.33894527,317007.641,233489.878,Mount street lower opposite new mount house,6
Sheffield Stand,-6.258493513,53.34681028,316029.285,234341.669,D'Oliver street,5
Sheffield Stand,-6.252858192,53.35146871,316391.857,234869.239,Foley street outside dance Irelamd,2
Stainless Steel Curved,-6.235854328,53.34555893,317540.3,234239.439,Blood stone road,4
Stainless Steel Curved,-6.24304533,53.34893742,317052.173,234603.592,Mayor square outside Snap and national college of Ireland.,12
Stainless Steel Curved,-6.263821721,53.34194797,315687.634,233791.936,"Fade street, outside the rage record store",3
Sheffield Stand,-6.255581975,53.33800839,316247.108,233366.911,Hume street,7
Sheffield Stand,-6.267700195,53.34936332,315409.302,234610.858,Wolfe tone street,5
Sheffield Stand,-6.26718387,53.34796313,315447.466,234455.876,Wolfe tone street outside AXA office,7
Railing,-6.261603534,53.34194076,315835.383,233794.729,Coppinger row ,4
Railing,-6.258242726,53.34913596,316039.668,234600.883,Saclville Place,7
Railing,-6.26198709,53.34380633,315804.783,234001.712,Trinity street,4
Sheffield Stand,-6.242224574,53.3428079,317123.625,233922.833,Pearce street opposite parser square,4
Sheffield Stand,-6.267755181,53.350079,315403.707,234690.411,Parnell street outside cineworld.,7
Sheffield Stand,-6.256624013,53.34880213,316148.363,234566.365,"Abbey Street Lower, outside Abbey Theatre.",11
Sheffield Stand,-6.255399585,53.34901748,316229.309,234592.322,Abbey Street Lower outside Beresford Court.,8
Sheffield Stand,-6.256809086,53.34580232,316144.193,234232.239,Pearce street and Townsend street,20
Sheffield Stand,-6.260926276,53.3398373,315886.191,233561.751,"Stephens green, in front of beneton shop",15
Sheffield Stand,-6.227487177,53.34842026,318089.587,234571.656,East wall road outside the O2 ,18
Sheffield Stand,-6.261851639,53.34615699,315807.433,234263.518,"Bedford row, beside Ladbrokes",4
Sheffield Stand,-6.2569727,53.35029835,316121.077,234732.301,Talbot Street outside Carrolls shop,4
Sheffield Stand,-6.259736717,53.34583434,315949.146,234231.045,"Fleet Street, outside TGI restaurant.",4
Sheffield Stand,-6.262689829,53.34607693,315751.832,234253.25,"Aston quay, outside house of colour",4
Sheffield Stand,-6.262397468,53.3327959,315807.281,232775.783,Harcourt street outside Starbucks ,17
Sheffield Stand,-6.269115061,53.33779779,315346.302,233321.534,"New bride street , Infront of small green",5
Sheffield Stand,-6.243086904,53.33666389,317083.026,233237.703,Mount street ctescent,7
Sheffield Stand,-6.254668683,53.34915197,316277.613,234608.478,Beresford Place median,3
Sheffield Stand,-6.266076118,53.33774334,315548.86,233320.387,Kevin's street outside o haras pharmacy,5
Sheffield Stand,-6.260073334,53.36081366,315886.087,235897.431,Dorset street outside gaa ticket office ,5
Sheffield Stand,-6.265628189,53.33737258,315579.697,233279.852,"Wexford street, Infront of mega bikes.",3
Sheffield Stand,-6.265334487,53.33563406,315603.961,233086.862,"Camden street lower, outside ulster bank",2
Sheffield Stand,-6.256683022,53.35602898,316124.787,235370.489,Mountjoy square south outside dit,9
Sheffield Stand,-6.26425758,53.34045385,315662.65,233624.961,"Noel Purcell Walk, Infront of beaux lane house",25
Sheffield Stand,-6.26260668,53.34104558,315770.999,233693.485,"Chatham road, outside Mao restaurant",6
Sheffield Stand,-6.263074726,53.34134584,315739.014,233726.14,"William street south, outside dada restautsnt",5
Sheffield Stand,-6.261555254,53.34365901,315833.941,233986.018,Saint Andrew street,3
Sheffield Stand,-6.264543235,53.34274625,315637.422,233879.602,"South George's street, outside Diwali",5
Sheffield Stand,-6.264674664,53.34206327,315630.517,233803.386,"George's street, outside Hogans pub",3
Sheffield Stand,-6.269145906,53.35812925,315289.375,235584.016,Berkeley road outside Berkeley wash,4
Sheffield Stand,-6.26068756,53.35209391,315868.85,234926.08,Cathal Brugha street outside the Irish aid office,9
Sheffield Stand,-6.290507019,53.33420699,313931.045,232887.606,Cork street,6
Sheffield Stand,-6.265275478,53.33621064,315606.332,233151.12,"Camden street lower, Infront of icon health store. ",6
Sheffield Stand,-6.262984872,53.34294562,315740.665,233904.313,"Drury street, outside Carousel",3
Sheffield Stand,-6.263002306,53.34274225,315740.055,233881.653,Drury street outside Irish design shop,9
Sheffield Stand,-6.255485415,53.33438318,316263.399,232963.648,"End of Hatch street lower, both sides of the road, outside cafe sol",11
Sheffield Stand,-6.25756681,53.33374331,316126.494,232889.056,Hatch street lower,4
Sheffield Stand,-6.264339387,53.34348527,315648.998,233962.172,"George's street, opposite Dublin business school",4
Sheffield Stand,-6.266876757,53.34402251,315478.565,234017.851,Open square beside Dublin City hall,11
Sheffield Stand,-6.26842171,53.34736269,315366.659,234387.057,Capel street outside spar,3
Sheffield Stand,-6.267835647,53.34653888,315407.911,234296.329,"Great strand street, outside pantibar",3
Sheffield Stand,-6.268506199,53.34472227,315368.162,234093.089,"Essex street west, outside the gaiety school of acting.",3
Sheffield Stand,-6.267154366,53.34537639,315456.42,234168.065,Wellington quay,6
Sheffield Stand,-6.272738725,53.34685272,315080.56,234323.341,Four courts luas stop,11
Sheffield Stand,-6.257389784,53.34818009,316099.061,234495.898,Marlborough street,4
Sheffield Stand,-6.28135398,53.34313377,314516.822,233895.639,Thomas street across from the hill top bar,3
Sheffield Stand,-6.275115162,53.34155082,314936.568,233729.506,Francis street opposite the liberty bell pub,4
Sheffield Stand,-6.275891662,53.34326188,314880.254,233918.668,Cornmarket street outside farrow and ball,3
Sheffield Stand,-6.275187582,53.3480536,314914.257,234453.035,May lane outside Hanley at the bar,8
Sheffield Stand,-6.270484328,53.35087553,315219.835,234774.644,North kings street outside centra,4
Sheffield Stand,-6.260164529,53.35221318,315903.351,234940.202,Cathal Brugha Street outside the Living Room pub,14
Sheffield Stand,-6.267481595,53.34471186,315436.423,234093.586,Parliament street outside paramount hotel,5
Sheffield Stand,-6.267346144,53.34468624,315445.513,234090.954,Parliament street outside spar shop,5
Sheffield Stand,-6.264945567,53.34561337,315602.871,234198.01,"Eustace street, outside the Italian corner restaurant",4
Sheffield Stand,-6.264374256,53.34549008,315641.25,234185.215,"Essex street, outside the shack restaurant.",5
Sheffield Stand,-6.26306802,53.34492803,315729.759,234124.785,"Cope street, behind central bank",7
Sheffield Stand,-6.262601316,53.34562138,315758.961,234202.699,"Temple bar, outside Rory's fishing shop.",4
Sheffield Stand,-6.260741204,53.34577029,315882.428,234222.287,"Fleet Street, outside hard rock cafe",3
Sheffield Stand,-6.25832051,53.34702084,316040.233,234365.381,Burgh quay,2
Sheffield Stand,-6.290792674,53.33423022,313911.955,232889.735,Cork street,3
Sheffield Stand,-6.259278059,53.34617781,315978.757,234270.012,"Westmorleland street, outside Bewleys",4
Sheffield Stand,-6.271794587,53.34257811,315154.95,233849.174,Christchurch square,4
Sheffield Stand,-6.277763844,53.34286315,314756.643,233871.286,Thomas street outside st johns priory,9
Sheffield Stand,-6.272678375,53.34495686,315089.685,234112.463,Merchants quay,4
Sheffield Stand,-6.294609457,53.34817688,313620.631,234435.677,Parkgate street outside Landis\subwau,3
Sheffield Stand,-6.26865238,53.34804559,315349.455,234462.679,"Capel street, outside mcQuillan tools",6
Sheffield Stand,-6.250543445,53.33552355,316589.477,233098.606,Fitzwilliam street upper,4
Sheffield Stand,-6.248227358,53.33788988,316737.287,233365.719,Fitzwilliam street lower,4
Sheffield Stand,-6.248077154,53.33777617,316747.602,233353.311,Fitzwilliam street lower,6
Sheffield Stand,-6.274377555,53.35003177,314962.874,234674.474,Church street Londis,4
Sheffield Stand,-6.277834922,53.34944898,314734.224,234604.059,Top of Smithfield,6
Sheffield Stand,-6.251549274,53.33571254,316521.965,233117.996,Fitzwilliam square north,7
Sheffield Stand,-6.285188198,53.35308412,314234.867,234996.798,Manor street,6
Sheffield Stand,-6.263397932,53.34801997,315699.416,234468.328,Middle abbey street across the road from the Gin Palace  pub,5
Sheffield Stand,-6.265190989,53.33592955,315612.72,233119.977,"Camden street, Infront of great deals store.",6
Sheffield Stand,-6.269591153,53.35858467,315258.504,235633.978,Berkeley road outside post office,2
Sheffield Stand,-6.264034957,53.34852353,315655.634,234523.334,Liffey street outside entrance to Arnotts.,8
Sheffield Stand,-6.244546026,53.33702184,316984.858,233275.145,Mount street uppwr,7
Sheffield Stand,-6.258653104,53.33091783,316061.804,232572.865,Charlemont place beside luas station ,9
Stainless Steel Curved,-6.238808781,53.34258852,317351.711,233904.027,Grand canal docks,5
Stainless Steel Curved,-6.239453852,53.34532995,317301.225,234208.039,Admiral brown street,6
Stainless Steel Curved,-6.238279045,53.34498248,317380.414,234171.302,All along Forbes street,12
Stainless Steel Curved,-6.235983074,53.3450089,317533.24,234178.018,Blood stone /road horse fair intersection,12
Stainless Steel Curved,-6.235950887,53.34507375,317535.205,234185.288,A'll along bood stone road,12
Stainless Steel Curved,-6.238179803,53.34482395,317387.459,234153.824,All along Forbes street,12
Stainless Steel Curved,-6.264417171,53.34207047,315647.646,233804.604,"Fade street, outside hogans bar",3
Stainless Steel Curved,-6.233445704,53.34433076,317704.081,234106.733,Benson street,8
Stainless Steel Curved,-6.236972809,53.34497847,317467.413,234173.004,Horse fair,8
Sheffield Stand,-6.287840903,53.35609622,314050.203,235327.753,Prussia street,4
Sheffield Stand,-6.262051463,53.3428119,315803.19,233890.945,"Start of South William street, outside jewl in the crown",7
Sheffield Stand,-6.26450032,53.35301127,315612.501,235021.986, Parnell square west outside the rotunda hospital ,8
Sheffield Stand,-6.290662587,53.34183507,313900.354,233736.23,,4
Sheffield Stand,-6.279795617,53.34779341,314608.107,234416.675,"Queen street, probation service ",10
Sheffield Stand,-6.270240247,53.34315219,315256.918,233915.567,"Christ church place, outside sunny's newsagent",6
Sheffield Stand,-6.265384108,53.33649172,315598.337,233182.223,"Wexford street, outside solo clothes shop.",3
Sheffield Stand,-6.276079416,53.34295923,314868.564,233884.686,Francis street outside reillys pharmacy ,3
Sheffield Stand,-6.293238848,53.34612577,313717.358,234209.605,Houston train station,8
Sheffield Stand,-6.251306534,53.33771531,316532.673,233341.264,"Top of baggot street lower, end of pembroke street lower",5
Sheffield Stand,-6.264303178,53.34296563,315652.815,233904.404,"Edge of exchequer street, outside pharmacy and rustic stone",13
Sheffield Stand,-6.267253608,53.34496807,315450.914,234122.466,"Essex street, outside zaytoon",4
Sheffield Stand,-6.26409933,53.3442603,315662.887,234048.808,"Dame street,  outside Nico's restaurant",5
Sheffield Stand,-6.260648668,53.34896464,315879.927,234577.911,"Prince's street north, outside penny's.",5
Sheffield Stand,-6.252918541,53.34181265,316414.144,233794.595,Leinster street south outside TCD Leinster street,5
Railing,-6.266168654,53.33863779,315540.279,233419.773,Aungier street outside DIT,4
Railing,-6.267496347,53.34391522,315437.593,234004.91,Start of castle street,4
Railing,-6.258029491,53.34132903,316075.072,233732.458,"Molesworth street, ",4
Sheffield Stand,-6.265747547,53.35051289,315536.215,234741.942,Parnell Streer outside Aldi,11
Sheffield Stand,-6.260790825,53.34894062,315870.526,234575.007,"Prince's street north, outside penny's",18
Sheffield Stand,-6.250971258,53.35126939,316518.041,234850.136,Talbot street outside wake cup,12
Sheffield Stand,-6.269926429,53.35090915,315256.892,234779.286,"Capel Street, outside The Horse Shoe shop",6
Sheffield Stand,-6.263267845,53.35177931,315697.898,234886.887,Parnell street outside king fisher restraunt.,4
Sheffield Stand,-6.263511926,53.34102076,315710.776,233689.256,"Johnstone place, outside pharmacy",6
Sheffield Stand,-6.265024692,53.33286797,315632.078,232779.547,"Camden street upper, outside damascus gate restaurant ",8
Sheffield Stand,-6.262032688,53.34383996,315801.655,234005.381,"Trinity street, outside jack jones shop",4
Sheffield Stand,-6.263313442,53.34680228,315708.34,234332.958,"End of Liffey street lower, outside the grand social",4
Sheffield Stand,-6.272449046,53.33910542,315120.718,233461.67,End of Patricia street outside spar,5
Sheffield Stand,-6.269899607,53.34332353,315279.141,233935.184,"Start of westborough street, beside the butchers bar",14
Sheffield Stand,-6.29202649,53.34690716,313796.011,234298.491,Heuston Luas stop,16
Sheffield Stand,-6.288935244,53.34351569,314010.91,233926.01,James street outside McCanns pub,3
Sheffield Stand,-6.280841678,53.34319623,314550.773,233903.411,Thomas street outside Massey bros funeral home,4
Sheffield Stand,-6.265047491,53.34538679,315596.696,234172.631,"Essex street east, outside costa cafe.",8
Sheffield Stand,-6.264875829,53.34536358,315608.191,234170.326,"Eustace street, outside the orseman pub",4
Sheffield Stand,-6.263965219,53.3450073,315669.796,234132.153,"Cecilia street, outside temple lane recording studios",8
Sheffield Stand,-6.263536066,53.3450113,315698.364,234133.293,"Cecilia street, outside luigi malones restaurant",4
Sheffield Stand,-6.261535138,53.34571905,315829.696,234215.297,"Fleet Street, across from thunder road cafe",8
Sheffield Stand,-6.295009106,53.34846509,313593.252,234467.114,Infirmary road,7
Sheffield Stand,-6.262722015,53.34809683,315744.217,234477.977,Middle abbey street outside arnotts.,4
Sheffield Stand,-6.264595538,53.34786626,315620.084,234449.284,Upper abbey street near the Jervia Luas stop.,3
Sheffield Stand,-6.252361983,53.35108127,316425.953,234826.933,Talbot street across the road from Paddy Power,9
Stainless Steel Curved,-6.238356829,53.34462059,317376.228,234130.903,Top of Forbes street,4
Stainless Steel Curved,-6.236162782,53.3446302,317522.314,234135.58,All along blood stone road,12
Stainless Steel Curved,-6.266330928,53.3602014,315471.177,235819.159,North Circular road outside Matter hospital. ,25
Sheffield Stand,-6.267299205,53.35003097,315434.199,234685.804,Parnell street outside Jervis medical centre,5
Sheffield Stand,-6.270107478,53.34501931,315260.724,234123.558,"Wood quay, outside DCC",5
Sheffield Stand,-6.257431358,53.34837783,316095.756,234517.835,Start of marborough street outside the abbey theatre,5
Sheffield Stand,-6.271288991,53.34610495,315179.115,234242.465,Ormond square,3
Sheffield Stand,-6.263249069,53.34238835,315724.58,233841.871,"Drury street, outside George's st. arcade",8
Sheffield Stand,-6.237128377,53.34872687,317446.749,234589.876,Sponsor Dock Luas station,34
Sheffield Stand,-6.296098083,53.34829617,313521.186,234446.584,Outside criminal courts of justice,42
Sheffield Stand,-6.297288984,53.3466958,313446.134,234266.598,"Houston station,",166
Sheffield Stand,-6.257094741,53.34794472,316119.348,234470.185,Eden quay,10
Sheffield Stand,-6.262814552,53.34105679,315757.124,233694.396,"Chatham road, outside DIT music and drama",4
Sheffield Stand,-6.265170872,53.35093077,315573.483,234789.378,Parnell street outside cycleways. ,11
Sheffield Stand,-6.259318292,53.34330432,315983.877,233950.178,Bottom of grafton streer,10
Sheffield Stand,-6.247524619,53.3359728,316789.331,233153.532,Baggot street lower outside tailored finance.,5
Sheffield Stand,-6.267343462,53.34503372,315444.753,234129.627,"Essex street, outside the porterhouse pub",4
Sheffield Stand,-6.265596002,53.33655017,315584.065,233188.385,"Wexford street, in front of whelans off licence",3
Sheffield Stand,-6.26895681,53.34913196,315326.251,234583.081,Capel street outside codys of Capel Street.,2
Sheffield Stand,-6.266548187,53.35023351,315483.659,234709.557,Parnell street across the road from Euro Giant shop,2
Sheffield Stand,-6.258189082,53.35024071,316040.24,234723.909,Marlborough Street outside Spar shop,5
Sheffield Stand,-6.249909103,53.35103243,316589.41,234825.5,Amiens Street at Luas station,8
Sheffield Stand,-6.265365332,53.33578381,315601.502,233103.476,"Camden street, outside penny farthing cycles",2
Sheffield Stand,-6.265102476,53.33561404,315619.469,233085.009,"Camden street lower, outside tommy Moore jewellers",2
Sheffield Stand,-6.261722893,53.35282476,315797.933,235005.731,Cavendish road outside the Ambassador theatre.,13
Sheffield Stand,-6.252375394,53.34952263,316429.307,234653.463,Beresford Place Infront of Busaras.,10
Sheffield Stand,-6.257043779,53.34728023,316124.547,234396.322,"Burgh quay, outside Jaffa deli",10
Sheffield Stand,-6.257368326,53.34717936,316103.209,234384.569,"Hawkins street, outside PCI college",8
Sheffield Stand,-6.259280741,53.34530433,315980.949,234172.805,"Westmoreland street, outside fexco",4
Sheffield Stand,-6.25984937,53.34428192,315945.856,234058.105,"College green, outside dubarry of Ireland shop",12
Sheffield Stand,-6.254621744,53.35223079,316272.359,234951.172,Mabbot lane,6
Hoops,-6.263420731,53.33592875,315730.637,233122.755,,
Hoops,-6.265754253,53.33960508,315565.264,233528.086,,
Hoops,-6.261592805,53.34363419,315831.507,233983.195,,
Hoops,-6.263879389,53.35145831,315658.048,234850.175,Parnell Street outside Centra,
Hoops,-6.265408248,53.34110643,315584.249,233695.719,,
Hoops,-6.265803874,53.34514581,315546.977,234144.59,,
Hoops,-6.265716702,53.34523708,315552.536,234154.888,,
Hoops,-6.26422137,53.34497847,315652.816,234128.53,,
Hoops,-6.251496971,53.33775535,316519.88,233345.409,,
Hoops,-6.266094893,53.35038881,315513.422,234727.572,,
Hoops,-6.280289143,53.3472354,314576.739,234353.786,,
Hoops,-6.250061989,53.33728289,316616.747,233295.175,,
Hoops,-6.247862577,53.33837834,316760.249,233420.672,,
Hoops,-6.252391487,53.33794353,316459.788,233364.891,,
Hoops,-6.253306121,53.3381221,316398.382,233383.272,,
Hoops,-6.261253506,53.33945615,315865.43,233518.805,,1
Hoops,-6.261083186,53.33967315,315876.185,233543.229,,
Hoops,-6.25698477,53.33909421,316150.724,233485.461,,
Hoops,-6.261006743,53.33977164,315881.01,233554.313,,
Hoops,-6.266705096,53.34502571,315487.286,234129.767,,
Hoops,-6.249659657,53.34338438,316626.893,233974.817,,
Hoops,-6.280277073,53.34703925,314578.069,234331.977,,
Hoops,-6.2667346,53.34885416,315474.974,234555.758,,
Hoops,-6.260680854,53.34570624,315886.62,234215.257,,
Hoops,-6.26025036,53.34573587,315915.208,234219.253,,
Hoops,-6.259184182,53.34787667,315980.397,234459.217,,
Hoops,-6.26599431,53.34688074,315529.605,234337.349,,
Hoops,-6.255045533,53.3514511,316246.263,234863.717,,
Hoops,-6.265783757,53.34033214,315561.333,233608.947,Aungier street; outside queen beauty salon,
Hoops,-6.264296472,53.35105325,315631.373,234804.423,"Parnell street, outside Paddy Powers",
Hoops,-6.268185675,53.3447647,315389.393,234098.328,,
Hoops,-6.265089065,53.33518961,315621.511,233037.8,,
Hoops,-6.260890067,53.35171207,315856.402,234883.26,O'Connell Street outside the Gresham hotel,
Hoops,-6.262542307,53.34309454,315769.736,233921.602,Exchequer Street,
Hoops,-6.263363063,53.34307372,315715.132,233917.955,,
Hoops,-6.263764054,53.34312737,315688.282,233923.276,Excheqer Street,
Hoops,-6.262097061,53.34388319,315797.251,234010.087,,
Hoops,-6.267238855,53.34506734,315451.628,234133.537,,
Hoops,-6.278563142,53.3483386,314688.714,234479.324,,
Hoops,-6.266171336,53.34736029,315516.52,234390.428,,
Hoops,-6.251912713,53.33381458,316502.929,232906.195,,
Hoops,-6.277897954,53.34931769,314730.38,234589.348,,
Hoops,-6.26231432,53.34803598,315771.53,234471.866,,
Hoops,-6.259095669,53.34103037,316004.875,233697.49,,
Hoops,-6.256929785,53.34124416,316148.543,233724.801,,
Hoops,-6.249551028,53.34355492,316633.662,233993.973,,
Hoops,-6.260042489,53.34838503,315921.864,234514.395,,
Hoops,-6.257686168,53.33927598,316103.515,233504.548,,
Hoops,-6.264009476,53.34846669,315657.485,234517.05,,
Sheffield Stand,-6.263313442,53.35443291,315687.676,235182.112,Top of Parnell square east.,2
Sheffield Stand,-6.255112588,53.3487581,316249.126,234563.925,Bresford Place beside Liberty Hall and bus eireann bus stop,3
Sheffield Stand,-6.272549629,53.33352788,315129.04,232840.827,Ovoca,4
Sheffield Stand,-6.257003546,53.34618021,316130.216,234273.975,Hawkins street,4
Sheffield Stand,-6.258065701,53.35383416,316038.694,235123.997,Cumberland street North outside nam thanh supermarket,2
Sheffield Stand,-6.260721087,53.34278548,315891.862,233890.163,"Clarendon street, across from BT",4
Sheffield Stand,-6.251509041,53.34995172,316485.825,234702.625,Store street outside Bus Eireann,3
Sheffield Stand,-6.264576763,53.35554873,315600.544,235304.237,North Frederick street outside Lady beauty Parlour,3
Sheffield Stand,-6.2644279,53.34248363,315645.813,233850.564,"South George's street, outside laser dvd",4
Sheffield Stand,-6.248142868,53.34945698,316711.319,234653.066,Georges dock outside Ely chq,4
Sheffield Stand,-6.278260052,53.3472354,314711.859,234357.044,Smithfield near luas station,6
Sheffield Stand,-6.292752028,53.34093668,313763.589,233632.925,St James hospital,40
Sheffield Stand,-6.300144196,53.33877552,313276.991,233380.675,Brooksfield road outside mace,2
Sheffield Stand,-6.26120358,53.34525232,315853.041,234163.896,Back of fleet street car park,
Sheffield Stand,-6.255120635,53.3473715,316252.362,234409.608,Tara street,3
Sheffield Stand,-6.249292195,53.34397447,316649.754,234041.084,Bottom of Westmoreland street,2
Sheffield Stand,-6.258726865,53.34672142,316013.987,234331.401,D'Oliver street,6
Sheffield Stand,,,315276.8,234720.7,Top of Capel Street,11
Sheffield Stand,,,315543.6,234283.9,Swift Row,5
Sheffield Stand,,,315202.8,233733.2,Bride Road,5
Sheffield Stand,,,316331.7,234260.3,Luke Street,14
Sheffield Stand,,,314870.8,233885.1,Francis Street at Thomas Street end,10
Sheffield Stand,,,315412.9,234035,Exchange Street Upper,7
Sheffield Stand,,,315867.3,232630.2,Charlemont Street ,5
Sheffield Stand,,,315095.9,233224.7,Clanbrassil St north of Fumbally Lane,5
Sheffield Stand,,,315093.1,233215.3,Clanbrassil St south of Fumbally Lane,5
Sheffield Stand,,,315396.5,234522.4,Mary Street east of Jervis Lane Lower,9
Sheffield Stand,,,314958.3,233743.2,Thomas Davis Street South at Francis St end,10
Sheffield Stand,,,315325.2,234682.2,Ryders Row,16
Sheffield Stand,,,315836.321,233986.497,St Andrews Street,3
Sheffield Stand,,,315688.88,233915.168,Dame Court,8
Sheffield Stand,,,317524.528,233685.254,Barrow Street,5
Sheffield Stand,,,317474.334,233873.751,Ringsend Road,3
Sheffield Stand,,,315274.418,234746.734,Capel Street,8
Sheffield Stand,,,315210.572,234600.911,Green Street,4
Sheffield Stand,,,315640.759,235501.21,Dorset Street Lower,3
Sheffield Stand,,,315259.389,235472.585,Blessington Street,5
Sheffield Stand,,,314729.153,234630.562,King Street North,4
Sheffield Stand,,,315026.347,233545.252,Francis Street,5
Sheffield Stand,,,315113.636,233680.183,Patrick Street,6
Sheffield Stand,,,315680.265,234840.376,Moore Street,8
Sheffield Stand,,,315674.662,234834.082,Moore Street,11
Sheffield Stand,,,315680.265,234840.376,Moore Street,10
Sheffield Stand,,,314366.6,233747.271,Bellevue,8
Sheffield Stand,,,315366.278,233644.474,Golden Lane,6
Sheffield Stand,,,315867.055,233283.466,St. Stephens Green South,5
Sheffield Stand,,,315883.421,233553.689,St. Stephens Green West,8
Sheffield Stand,,,315523.07,233309.567,Kevin Street Lower,11
Sheffield Stand,,,315632.076,232778.41,Richmond Street South,3
Sheffield Stand,,,315662.699,232694.939,Richmond Street South,5
Sheffield Stand,,,315535.25,233062.637,Pleasents Street,4
Sheffield Stand,,,314775.5,234008.681,Oliver Bond Street,5
Sheffield Stand,,,323269.966,237088.98,Causeway Road,10
Sheffield Stand,,,317772.397,236957.296,Griffith Avenue,5
Sheffield Stand,,,316003.097,234441.355,Eden Quay,5
Sheffield Stand,,,315530.717,234332.111,Jervis Street 1,7
Sheffield Stand,,,315515.022,234395.948,Jervis Street 2,4
Sheffield Stand,,,316417.291,234720.167,Store Street,8
Sheffield Stand,,,315142.798,235873.295,North Circular Road,4
Sheffield Stand,,,315575.179,235805.539,North Circular Road,5
Sheffield Stand,,,315008,236082,Philbsborough Road/Connaught St,4
Sheffield Stand,,,317218.987,234149.856,Cardiff Lane,8
Sheffield Stand,,,321426.8,236982.787,Redstables Market,8
Sheffield Stand,,,314991.026,233578.667,Marks Alley West,5
Sheffield Stand,,,314964.281,233662.017,Carman's Hall at Francis Street,5
Sheffield Stand,,,314754.179,233600.373,Carman's Hall at Meath Street,5
Sheffield Stand,,,315084.891,233466.694,Dean Street,10
Sheffield Stand,,,314758.573,233872.512,Thomas Street,16
Sheffield Stand,,,314847.147,233918.909,Augustine Street West at Cornmarket,5
Sheffield Stand,,,316742.383,234482.746,North Wall Quay ,3
Sheffield Stand,,,316878.557,234472.704,Northern Campshires,6
Sheffield Stand,,,314657.73,232599.721,Washington Street,2
Sheffield Stand,,,314713.692,232624.901,Greenville Terrace,2
Sheffield Stand,,,315131.468,235859.485,North Circular Road Opposite Library,2
Sheffield Stand,,,315224.041,235850.499,North Circular Road West of Berkeley Road,3
Sheffield Stand,,,315187.398,235845.907,Goldsmith Street Westside,2
Sheffield Stand,,,315052.381,235892.815,Phibsborough Road outside Doyles Bar,5
Sheffield Stand,,,315038.144,235896.377,Phibsborough Road Westside at Thunders Bakery,4
Sheffield Stand,,,315054.399,235849.142,Phibsborough Road Eastside south of NCR at AIB,2
Sheffield Stand,,,315054.644,235834.509,Phibsborough Road Eastside at Rothar,2
Sheffield Stand,,,315068.717,235878.393,North Circular Road east of Phibsborough Rd at Doyles,5
Sheffield Stand,,,314458.574,234733.715, Stoney Batter eastside outside Centra,5
Sheffield Stand,,,314380.423,234840.865,Manor Street eastside at Grants,6
Sheffield Stand,,,314392.437,234819.183,Manor Street eastside outside No. 3,3
Sheffield Stand,,,314394.945,234787.218,Manor Street westside,2
Sheffield Stand,,,315628.788,233719.678,Stephen Street Lower,10
Sheffield Stand,,,315670.353,233485.381,"York Street, southside at Bright Wash",4
Sheffield Stand,,,315139.74,233575.131,Patrick Street ,5
Sheffield Stand,,,315518.515,233386.003,Bishop Street,10
Sheffield Stand,,,315588.21,233293.954,Cuffe Street,5
Sheffield Stand,,,316890.787,233674.835,Holles Street,5
Sheffield Stand,,,316778.06,234007.712,Pearse Street outside subway,11
Sheffield Stand,,,316820.505,233995.165,Pearse Street outside Trinity Business,10
Sheffield Stand,,,313650.646,234432.246,Parkgate Street outside Nancy Hands,5
Sheffield Stand,,,313715.21,234429.126,Parkgate Street outside Westbrook Motors,6
Sheffield Stand,,,314464.667,234494.741,Blackhall Place,3
Sheffield Stand,,,314674.515,234405.396,Haymarket,6
Sheffield Stand,,,314664.039,234318.689,Coke Lane,5
Sheffield Stand,,,316753.452,233185.195,Baggot Street Lower at James Street East (Bank of Ireland),10
Sheffield Stand,,,316506.506,233333.09,Baggot Street Lower west of Pembroke St Lower,10
Sheffield Stand,,,316677.843,232857.51,"Wilton Terrace, at junction with Wilton Place",10
Sheffield Stand,,,317078.893,233431.529,Mount Street Lower outside No 33,10
Sheffield Stand,,,316906.785,233107.34,"Herbert Street, south of Convent Close",10
Sheffield Stand,,,317267.6,234287.385,Sir John Rogerson's Quay east of Cardiff Lane,10
Sheffield Stand,,,315411.93,233628.84,"Whitefriar Street, eastside south of Golden Lane",10
Sheffield Stand,,,316611.605,233686.795,Merrion Square North opposite No.6,10
Sheffield Stand,,,316802.03,233771.28,"Fenian Street ,northside  east of Bass Place",10
Sheffield Stand,,,316237.885,232748.28,"Adelaide Road , northside outside Eye and Ear Hospital",10
Sheffield Stand,,,315122.13,231505.16,"Ailesbury Road, northside, west of Merlyn Park",10
Sheffield Stand,,,319571.845,231710.705,"Strand Road Car Park, opposite No.9 Adelaide Mews",10
Sheffield Stand,,,318907.92,232850.363,"Sandymout Village, eastside opposite No .95",5
Sheffield Stand,,,318900.37,232844.685,"Sandymout Village, westside outsideNo .95",5
Sheffield Stand,,,316498.005,230954.255,"Tudor Road, westside opposite Cowper Gardens ",10
Sheffield Stand,,,318758.27,233817.49,"Pine Road, northeastern corner at Ringsend Park",7
Sheffield Stand,,,318132.385,233855.73,"Fitzwilliam Street westside, north of Bridge Street",10
Sheffield Stand,,,315176.22,234193.665,Ormond Quay Upper northside outside No.31-36,10
Sheffield Stand,,,315257.545,234212.77,Ormond Quay Upper northside outside No. 20,8
Sheffield Stand,,,315353.185,234509.945,"Mary Street, southside east of Capel Street",11
Sheffield Stand,,,315253.785,234838.585,"Yarnhall Street,  northside west of Bolton Street",10
Sheffield Stand,,,315693.765,234931.145,Parnell Square West south of entrance to Rotunda Hospital,6
Sheffield Stand,,,315661.06,235156.09,Parnell Square North opposite No. 18,10
Sheffield Stand,,,316316.71,234692.13,"Beresford Lane, northside west of Gardiner Street Lower",10
Sheffield Stand,,,316484.875,234837.725,"Talbot Street, northside under railway bridge",8
Sheffield Stand,,,317789.9,234745.92,"Sheriff Street Upper,  northside opposite Castleforbes Street",9
Sheffield Stand,,,317279.005,234791.145,"Sheriff Street Upper,  northside outside train station",9
Sheffield Stand,,,316101.03,235369.245,Mountjoy Square South northside opposite No. 40-45,10
Sheffield Stand,,,316068.54,235333.71,"Mountjoy Square South, southside outside No. 48",9
Sheffield Stand,,,315848.25,235354.67,Gardiner Place northside at Temple Street,9
Sheffield Stand,715411.5653,734777.7955,315485.8467,234751.6552, Kings Inn Street,10
Sheffield Stand,715240.9941,735707.5394,315315.2303,235681.5998,Eccles street ,10
Sheffield Stand,715748.0852,735395.1692,315822.4329,235369.1651,Temple Street North ,10
Sheffield Stand,715744.6884,735382.7171,315819.0355,235356.7102,Temple Street North,9
Sheffield Stand,714915.6044,734475.1011,314989.7824,234448.892,Marys Lane ,9
Sheffield Stand,717559.0141,732263.7528,317633.7794,232237.081, Herbert Park ,10
Sheffield Stand,714891.6349,734165.2904,314965.8108,234139.0139, Merchants Quay ,10
Sheffield Stand,715035.9584,733324.5788,315110.173,233298.1208, New Street South ,10
Sheffield Stand,714593.7771,733855.0555,314667.892,233828.7098, Meath Street ,10
Sheffield Stand,714709.2063,733366.1625,314783.3505,233339.7114,Newmarket ,10
Sheffield Stand,714805.8794,733884.9108,314880.0395,233858.573,Francis Street ,10
Sheffield Stand,714989.9373,733926.4666,315064.1364,233900.1389, High Street ,10
Sheffield Stand,714632.6442,733701.3773,314706.7689,233674.9985,Meath Street,10
Sheffield Stand,714372.6566,733738.4085,314446.7253,233712.036, School Street,10
Sheffield Stand,714035.5732,733980.7875,314109.5673,233954.4655, James Street ,10
Sheffield Stand,714444.5374,733981.3375,314518.6191,233955.0182, Bridgefoot Street ,10
Sheffield Stand,713646.8884,734215.7708,313720.7971,234189.4937,St Johns Road West ,5
Sheffield Stand,714205.7279,733984.8719,314279.7584,233958.5518, Watling Street ,10
Sheffield Stand,714293.6437,733714.8625,314367.6956,233688.4844,  Taylor’s lane,10
Sheffield Stand,714769.1713,733948.9631,314843.3229,233922.6389,   Saint Augustine Street ,10
Sheffield Stand,711855.8159,733579.5818,311929.3464,233553.1588, Grattan Crescent ,10
Sheffield Stand,715539.9289,731778.2679,315614.266,231751.4775,  Leinster Square ,10
Sheffield Stand,721274.1949,738229.6324,321349.696,238204.2792,  Howth Road ,10
Sheffield Stand,721461.4646,738209.6796,321537.0057,238184.3233, Raheny Main Street ,11
Sheffield Stand,720080.4543,735858.3008,320155.7242,235832.4255, Vernon Avenue ,8
Sheffield Stand,715880.5903,736106.5454,315954.9596,236080.6965, Drumcondra Road Upper,5
Sheffield Stand,716305.0323,736147.8404,316379.492,236122.0032,  Clonliffe Road ,5
Sheffield Stand,714624.6484,736870.8041,314698.7417,236845.1129,  Finglas Road ,8
Sheffield Stand,713168.8994,739130.3766,313242.66,239105.166, Seamus Ennis Road ,10
Sheffield Stand,713197.7814,738926.9737,313271.5501,238901.7192,Finglas Road,5
Sheffield Stand,719658.1364,738961.7417,319733.2851,238936.5366,Coolock Main Street ,5
Sheffield Stand,721038.612,733538.5211,321114.1098,233512.1489,Poolbeg  ,10
Sheffield Stand,714426.4439,733733.518,314500.5241,233707.1449, South Earl Street.,5
Sheffield Stand,714693.2518,734027.531,314767.3865,234001.2233, John Street West.,9
Sheffield Stand,714439.5889,733341.1125,314513.6756,233314.6543, Ormond Street.,5
Sheffield Stand,711518.2949,736920.5468,311591.7227,236894.8465, Ashtown Grove.,8
Sheffield Stand,714060.7656,733161.9352,314134.7728,233135.4357, Cameron Street.,5
Sheffield Stand,712437.4456,732931.5586,312511.1067,232904.9986, Benbulbin Road.,8
Sheffield Stand,713006.4992,732663.6503,313080.2848,232637.0358, Keeper Road.,7
Sheffield Stand,713006.4992,732663.6503,313080.2848,232637.0358,South Circular Road.,5
Sheffield Stand,715063.2344,736630.9297,315137.4238,236605.1893, Prospect Way.,4
Sheffield Stand,713362.6358,733098.8582,313436.4938,233072.3404, South Circular Road.,5
Sheffield Stand,714295.0942,738498.6981,314369.1016,238473.3577, Glasanaon Road.,8
Sheffield Stand,716706.4443,734339.3748,316781.0072,234313.1479, City Quay.,6
Sheffield Stand,715430.2719,734159.7843,315504.5632,234133.5101,Essex Street East.,10
Sheffield Stand,715366.6408,734189.163,315440.9182,234162.8947,Wellington Quay.,6
Sheffield Stand,718186.8303,736274.6827,318261.6913,236248.8853,Clontarf Road.,12
Sheffield Stand,715359.5431,734176.6214,315433.819,234150.3504,Parliment Street,6
Sheffield Stand,717418.866,736212.3466,317493.5633,236186.5306,Fairview Avenue Lower.,5
Sheffield Stand,713124.8195,737100.7832,313198.5896,237075.1322,Bannow Road.,5
Sheffield Stand,714976.2926,737624.5548,315050.4539,237599.0293,Old Finglas Road.,5
Sheffield Stand,714988.8551,736876.5149,315063.0263,236850.8273,Prospect Square.,6
Sheffield Stand,713258.0059,738804.7184,313331.7886,238779.4378,Finglas Road.,6
Sheffield Stand,715410.6348,739762.6272,315484.8686,239737.5681,Ballymun road.,10
Sheffield Stand,715383.7086,739653.7401,315457.9377,239628.6571,Gateway Crescent.,5
Sheffield Stand,715826.891,736943.2622,315901.2408,236917.5944,Millmount Avenue.,5
Sheffield Stand,713254.2499,735938.0762,313328.0586,235912.1739,Navan Road.,8
Sheffield Stand,719511.068,731718.6504,319586.2566,231691.8731,Strand Road Car Park.,10
Sheffield Stand,711356.1167,732869.0107,311429.5464,232842.4303,Naas Road.,5
Sheffield Stand,719468.6273,731934.0535,319543.8048,231907.3227, Strand Road Car Park.,8
Sheffield Stand,718043.099,732330.8,318117.9673,232304.1459,Merrion Road,8
Sheffield Stand,716695.975,734036.35,316770.5385,234010.0573,Pearse St,5
Sheffield Stand,714754.963,732197.764,314829.1279,232171.0596,Harolds Cross Rd,4
Sheffield Stand,714526.182,734013.314,314600.281,233987.0022,Oliver Bond St,10
Sheffield Stand,716110.956,736662.282,316185.3693,236636.5551,Drumcondra Rd Lwr,5
Sheffield Stand,715553.28,731456.404,315627.623,231429.5438,Rathmines Rd Upr,5
Sheffield Stand,715870.477,732578.804,315944.8775,232552.1896,Charlemont St,6
Sheffield Stand,716630.616,732849.465,316705.1768,232822.9143,Mespil Road,5
Sheffield Stand,715545.687,733040.072,315620.0135,233013.5556,Camden St Lwr,5
Sheffield Stand,717611.569,732664.596,317686.3417,232638.0115,Pembroke Rd,5
Sheffield Stand,714927.508,735224.535,315001.6816,235198.4886,Phibsboro Rd,5
Sheffield Stand,717795.693,735178.935,317870.4809,235152.8973,East Rd,12
Sheffield Stand,715539.511,731573.405,315613.8499,231546.5702,Rathgar Rd,5
Sheffield Stand,716587.097,736964.292,316661.6092,236938.6337,Grace Park Rd,5
Sheffield Stand,713380.101,733296.721,313453.9609,233270.2463,James Walk,5
Sheffield Stand,717151.583,733945.994,317226.2449,233919.6846,Pearse St,6
Sheffield Stand,713880.36,732069.747,313954.3385,232043.0092,Clogher Rd,4
Sheffield Stand,714670.789,731337.401,314744.9438,231310.5093,Harolds Cross Rd,5
Sheffield Stand,713509.122,731827.746,313583.0231,231800.9533,Sundrive Rd,4
Sheffield Stand,714888.889,732743.555,314963.0775,232716.97,Clanbrassil St Lwr,5
Sheffield Stand,718373.438,733465.362,318448.3662,233438.9563,Irishtown Rd,5
Sheffield Stand,714914.538,732979.093,314988.7298,232952.5592,Clanbrassil St Lwr,5
Sheffield Stand,715139.794,737554.414,315213.991,237528.8743,St Davids Terrace,5
Sheffield Stand,715124.103,735412.363,315198.3169,235386.3586,Myrtle St,10
Sheffield Stand,716870.904,733751.522,316945.5077,233725.1686,Hogan Pl,5
Sheffield Stand,708357.319,732059.886,308430.112,232033.111,Greendale Rd,10
Sheffield Stand,715608.761,737960.796,315683.0544,237935.3475,The Rise,5
Sheffield Stand,713877.526,731300.64,313951.5109,231273.7352,Sundrive Rd,5
Sheffield Stand,714270.675,734353.306,314344.7161,234327.0663,Ellis Rd,5
Sheffield Stand,716170.695,736909.796,316245.1187,236884.1232,Drumcondra Rd Upr,5
Sheffield Stand,716516.949,731821.941,316591.4951,231795.1665,Ranelagh Rd,5
Sheffield Stand,713649.165,733823.213,313723.0778,233796.8543,Basin View,7
Sheffield Stand,714234.558,731428.387,314308.6184,231401.5122,Kimmage Rd Lwr,5
Sheffield Stand,717066.542,735728.597,317141.1686,235702.6738,North Strand Rd,5
Sheffield Stand,711936.28,736588.622,312009.8003,236562.8523,Navan Rd,8
Sheffield Stand,711935.874,736640.89,312009.3937,236615.1317,Kinvara Ave,5
Sheffield Stand,715787.497,734021.136,315861.8661,233994.834,St Andrews St,6
Sheffield Stand,-6.198268,53.359426,320003.6992,235844.05,Clontard Road Car Park,18
Sheffield Stand,-6.261713,53.353099,3157997.201,235037.5983,Cavendish road,9
Sheffield Stand,-6.263217,53.354378,315693.8681,235177.361,Parnell Square East,5
Sheffield Stand,,,315960.8431,234337.9651,Westmorland St/ Aston Quay Junction,6
Sheffield Stand,,,314860.4221,234062.7306,Lower bridge st,5
Sheffield Stand,,,314991.887,232105.4169,Mount Drummoud,5
Sheffield Stand,,,315013.3738,232242.6664,Mount Drummoud 2,5
Sheffield Stand,,,316090.7283,233728.3792,Molesworth Street ,5
Sheffield Stand,,,317009.8046,234330.8071,"Sprout Kitchen, Sir John Rogerson's Quay",4
Sheffield Stand,,,316971.9155,234335.2189,"Gerards, Sir John Rogerson's Quay",3
Sheffield Stand,,,317345.4818,233847.918,"The Lir Academy, Grand Canal Quay",10
Sheffield Stand,,,316071.5376,232586.9256,Charlemont place,5
Sheffield Stand,,,316047.2873,232531.6689,Grand Parade,6
Sheffield Stand,,,317501.7579,233456.4871,"Imagine, Barrow street",2
Sheffield Stand,,,317495.3611,233496.8583,"Outside Apartments, Barrow street",2
Sheffield Stand,,,317490.541,233444.0706,"Outside Apartments, Barrow street",6
Sheffield Stand,,,317449.9419,234100.1384,Asgard Road,7
Sheffield Stand,,,316249.3798,233363.6921,Hume Street ,7
Sheffield Stand,,,315277.362,234741.352,Capel Street,6
Sheffield Stand,,,314668.8076,234725.0775,Brunswick St North,4
Sheffield Stand,,,316209.0028,232918.878,8 Hatch Street Lower,4
Sheffield Stand,,,316125.6881,232891.6763,"Arthur Cox, Hatch Street Lower",6
Sheffield Stand,,,316048.849,232885.4601,"Deloitte, Hatch Street upper",6
Sheffield Stand,,,315668.317,230881.5122,Rathmines Road Upper,3
Sheffield Stand,,,309562.6712,233779.1919,"Le Fanu Road, Ballyfermot",7
Sheffield Stand,,,316750.4914,234365.1876,City Quay  & Creighton Street,7
Sheffield Stand,,,314501.3234,236181.9204,Shandon Cres,7
Sheffield Stand,,,316274.849,235622.133,North Circular Road /Emmet Street ,7
Sheffield Stand,,,316423.7197,236111.9301,Clonliffe Road,11
Sheffield Stand,,,315942.77,235745.4182,NCR/Belvedere Road junction ,5
Sheffield Stand,,,316017.5673,240112.0131,Coultry Park,4
Sheffield Stand,,,316134.178,236657.0233,"Fagens pub, Botanic Ave",4
Sheffield Stand,,,315620.8737,236940.1344,"Griffth park, Botanic Ave",8
Sheffield Stand,,,315308.9847,237213.0421,"Our Lady of Dolours Chuch, Botanic Ave",4
Sheffield Stand,,,315488.6534,237089.2496,St Ita's Road,4
Sheffield Stand,,,317016.4686,235968.2581,Ballybough Road,7
Sheffield Stand,,,317163.2886,237560.8331,Calderwood Road,3
Sheffield Stand,,,317159.1564,237587.8988,Calderwood Road  2,2
Sheffield Stand,,,315093.9883,231240.8249,Bushes Lane,7
Sheffield Stand,,,315003.0231,231035.0877,Kenilworth Square South,5
Sheffield Stand,,,318407.7464,237333.9183,Malahide Road,5
Sheffield Stand,,,311988.4215,236251.5398,"Cumskeys bar,  Blackhorse Ave",6
Sheffield Stand,,,321330.071,236270.5093,Clontarf Road,3
Sheffield Stand,,,321258.3724,236185.6093,Clontarf Road 2,4
Sheffield Stand,,,313438.3408,232315.9835,"Loretto Convent, Sundrive Road 2",3
Sheffield Stand,,,308863.8319,233528.429,Claddagh Grreen,4
Sheffield Stand,,,315670.5885,232491.6501,Richmond Row,9
Sheffield Stand,,,314923.3375,232319.109,Armstrong Street,5
Sheffield Stand,,,314404.2957,232952.8602,Donore Avenue,5
Sheffield Stand,,,314495.3796,232759.7485,Greenville Avenue,5
Sheffield Stand,,,316314.0749,231955.047,Spar Ranelagh Village,5
Sheffield Stand,,,319240.6428,231542.8774,Ailesbury Gardens,5
Sheffield Stand,,,313278.2922,238889.7279,Finglas Village (Massey Bros),5
Sheffield Stand,,,318302.175,233014.1149,Newbridge Avenue,10
Sheffield Stand,,,315644,232692,Richmond Street South,7
Sheffield Stand,,,317204,233358,Mount Street Lower (Bord Gais),7
Sheffield Stand,,,316362,233804,Leinster Street South (Trinity Point),4
Sheffield Stand,,,315834,234212,Thunder Road café - Fleet Street,5
Sheffield Stand,,,315758,233461,York Street - RSCI,11
Sheffield Stand,,,316970,234141,Hanover Street East(Jct with Erne St Lower),5
Sheffield Stand,,,316831,234168,Hanover Street East(Opposite Eurospar),4
Sheffield Stand,,,318015,234373,North Wall Quay (opposite 3arena),11
Sheffield Stand,,,316851,234624,Commons Street (outside Bank of Ireland),5
Sheffield Stand,,,316855,234672,Commons Street(outside Havana),4
Sheffield Stand,,,315001,235225,Phibsborough Road (Student residences),6
Sheffield Stand,,,315258,235244,Western Way,7
Sheffield Stand,,,315939,235095,Parnell Street (Jct North Great Georges St),5
Sheffield Stand,,,315345,235347,Mountjoy Street (Dublin International Youth Hospital),5
Sheffield Stand,,,315347,235381,Mountjoy Street (outside spar),3
Sheffield Stand,,,316374,235124,Sean McDermott Street Lower (swimming Pool),7
Sheffield Stand,,,315786,232776,Harcourt Road (investec),3
Sheffield Stand,,,315720,232773,Harcourt Road (Baxter & Greene),3
Sheffield Stand,,,317069,232855,Baggot Street Upper (Paddy Power),4
Sheffield Stand,,,315279,230082,Orwell Road,4
Sheffield Stand,,,316306,230067,Milltown Road (Churchtown Rd Jct),5
Sheffield Stand,,,318290,232560,Serpentine Avenue,4
Sheffield Stand,,,315678,231360,Church Avenue,4
Sheffield Stand,,,311937,233411,Emmet Road,4
Sheffield Stand,,,313832,232828,South Circular Road (dolphin electrical),4
Sheffield Stand,,,313250,233378,South Circular Road (house 582),4
Sheffield Stand,,,316497,232533,Lesson Street Upper,6
Sheffield Stand,,,315094,231747,Grosvenor Square (side of House 89),5
Sheffield Stand,,,317837,232689,Shelbourne Road (centra),5
Sheffield Stand,,,313233,239009,Jamestown Road (village shopping centre),5
Sheffield Stand,,,322233,239912,Grange Road (Donaghmede Shopping Centre),3
Sheffield Stand,,,318635,236156,"La Costa takeaway, Clontarf Road (in car park)",5
Sheffield Stand,,,320201,236360,"Seafield Road, Clontarf",5
Sheffield Stand,,,319458,238391,"St Bridges Road, Clontarf",5
Sheffield Stand,,,317037,238252,"Collins Avenue, Whitehall",5
Sheffield Stand,,,319014,239897,"Barryscourt Road, Pedestrian crossing at NSC",7
Sheffield Stand,,,312246,233480,Bulfin Road (outside 52),4
Sheffield Stand,,,312752,233526,Suir Road (zinc hair & beauty),4
Sheffield Stand,,,320917,236450,"St Gabriels Road, Clontarf East",5
Sheffield Stand,,,317916,232293,Angelesea Road (Library),4
Sheffield Stand,,,314743,235793,North Circular Road (moldova Shop) Phibsborough,5
Sheffield Stand,,,321066,239128,Edenmore Park,8
Sheffield Stand,,,322130,238318,St Assams Park,5
Sheffield Stand,,,311066,232308,"Bluebell Luas Stop, Naas Road",4
Sheffield Stand,,,317781,233814,Ringsend Road (Ash Ireland),4
Sheffield Stand,,,316703,239430,"Omni Shopping Centre, Swords Road",7
Sheffield Stand,,,315476,235853,Glengarriff Parade,9
Sheffield Stand,,,316701,232972,Wilton Place,7
Sheffield Stand,,,315002,232967,Clanbrassil St Lower,8
Sheffield Stand,,,316106,233711,Molesworth St,8
Sheffield Stand,,,315242,234801,Bolton St,5
Sheffield Stand,,,315202,231208,Grosvenor Rd,5
Sheffield Stand,,,316806,234332,City Quay,5
Sheffield Stand,,,315889,234219,Fleet St,5
Sheffield Stand,,,317306,233902,Pearce St,7
Sheffield Stand,,,315222,233780,Ross Road,7
Sheffield Stand,,,315173,232633,Bloomfield Ave (46),6
Sheffield Stand,,,314352,232604,South Circular Road (Jct with Donore Ave),3
Sheffield Stand,,,315252,233695,Bride St (Health Studio),4
Sheffield Stand,,,315259,233607,Bride St (Opposite 79 at Park),4
Sheffield Stand,,,315493,235385,4 Blessington St,7
Sheffield Stand,,,315293,233513,Bride St (Canon Court),4
Sheffield Stand,,,315629,233299,Cuffe St (Opposite Mercer St Upper),4
Sheffield Stand,,,316875,238875,Swords Rd (Larkhill Rd Jct),5
Sheffield Stand,,,318995,239861,Barryscourt,5
Sheffield Stand,,,314482,233536,Braithewaite St (Jct with Poole St),6
Sheffield Stand,,,315270,233567,Bride St (Park Entrance),3
Sheffield Stand,,,316590,235202,28 Killarney St,6
Sheffield Stand,,,313298,232374,Crumlin Rd (Shop Center),6
Sheffield Stand,,,313115,232300,Crumlin Rd (Jct with Brickfield Drive),6
Sheffield Stand,,,312199,231356,Crumlin Village (Jct with Lisle Rd),5
Sheffield Stand,,,311995,231583,St Marys Rd (Agnes Terrace Jct),5
Sheffield Stand,,,313131,238505,Farnham Drive (Erins Isle GAA),8
Sheffield Stand,,,316436,239100,Shanowen Rd (St Kevins Boys Club),8
Sheffield Stand,,,316786,235513,Dunne St (Library),8
Sheffield Stand,,,315229,233395,St Patricks Close (Jct with Kevin St Upper),7
Sheffield Stand,,,309748,233690,Ballyfermot Rd (McLoughlins Butchers),7
Sheffield Stand,,,312313,233456,46 Bulfin Rd,5
Sheffield Stand,,,310915,232633,Bluebell Rd (Community Center),8
Sheffield Stand,,,312610,233564,Emmet Rd (outside Library),5
Sheffield Stand,,,312893,232185,Clonard Rd (Jct with Crumlin Road),5
Sheffield Stand,,,311340,231700,Long Mile Rd (outisde Kokonut Shop),9
Sheffield Stand,,,311868,231899,16 Errigal Rd,6
Sheffield Stand,,,317894,236387,St Aidans Park Rd (Jct With Malahide Rd),5
Sheffield Stand,,,319971,235910,Belgove Rd (jct with Summerville),6
Sheffield Stand,,,316523,234236,Townsend St (Jct with Mark St),5
Sheffield Stand,,,316230,232077,Ranelagh Road,6
Sheffield Stand,53.33678,-6.2358456,317549,233264,Haddington Road,5
Sheffield Stand,53.374318,-6.2178078,318646,237471,Clancarthy Road,5
Sheffield Stand,53.327709,-6.2307652,317912,232263,Anglesea Road(RDS Main Venue Gate),5
Sheffield Stand,53.337618,-6.2679919,315406,233305,Kevin Street Lower (Outisde DIT Entrance),10
Sheffield Stand,53.361108,-6.283,314343,235894,Cabra Road (Downeys Pub @ Dowth Ave Jct),4
Sheffield Stand,53.344744,-6.251984,316452,234124,Pearse Street (Outside GoHop),10
Sheffield Stand,53.334619,-6.2717671,315162,232965,Daniel Street (Jct Harty Place),5
Sheffield Stand,53.342148,-6.244941,316929,233846,Erne Street Upper (Outsude Bike Shop) Jct Boyne St,5
Sheffield Stand,53.3313,-6.2649838,315623,232607,Lennox Street (Bretzel Bakery),5
Sheffield Stand,53.339214,-6.250658,316556,233511,Merrion Square South (Between house 76 & 77),9
Sheffield Stand,53.344121,-6.248966,316655,234059,Pearse Street (The Lombard Pub),3
Sheffield Stand,53.314549,-6.300165,313324,230687,Ravendale Park (Outside the Four Provnces Pub),6
Sheffield Stand,53.333091,-6.23584,317559,232854,Northumberland Road (Baggot Lane Jct),8
Sheffield Stand,53.319346,-6.31511,312316,231197,St Agnes Road (Outside Crumlin Garda Station),4
Sheffield Stand,53.334827,-6.257925,316084,233011,"Conrad Hotel, Earlsfort Terrace",3
Sheffield Stand,53.338313,-6.266577,315498,233384,Bishop Street (Intreo/Welfare Centre),9
Sheffield Stand,53.326949,-6.265378,315609,232122,"Military Road, Rathmines (opposite Blackbird)",7
Sheffield Stand,53.343927,-6.248683,316675,234038,Pearse Street(Outside Goldsmith Hall),4
Sheffield Stand,53.341513,-6.2707143,315214,233734,Bride Road (Iveagh Fitness Club),5
Sheffield Stand,53.356716,-6.2676167,315379,235430,Blessington Street (Jct with Mountjoy Street),7
Sheffield Stand,53.336184,-6.2733493,315053,233137,New Street South (Peadar Browns Pub),4
Sheffield Stand,53.337025,-6.2728832,315082,233231,New Street South (Fumbally Court),4
Sheffield Stand,53.360855,-6.27365,314966,235881,North Circular Road (Outside Mr Tubs Dry Cleaning),6
Sheffield Stand,53.344291,-6.249048,316649,234078,Lombard Street East (The Lombard Pub),3
Sheffield Stand,53.343945,-6.240987,317187,234053,Macken Street (Outside Flyfit Gym - Hanover St East Jct),5
Sheffield Stand,53.345896,-6.252151,316438,234252,Moss Street (Jct with Townsend Street),4
Sheffield Stand,53.350585,-6.2706952,315191,234743,King Street North(Jct with Green Street),5
Sheffield Stand,53.343184,-6.244032,316986,233963,Pearse Street(Outside Maldron Hotel/Centra),4
Sheffield Stand,53.367156,-6.17288,321656,236749,Mount Prospect Avenue (Jct with Clontarf Rd),5
Sheffield Stand,53.338403,-6.280837,314548,233372,Cork Street (Robisnson Court opposite weaver park),6
Sheffield Stand,53.338643,-6.279866,314612,233400,Cork Street (Intreo Center),4
Sheffield Stand,53.338478,-6.279785,314618,233382,Cork Street (Southside Angling opposite Intreo),5
Sheffield Stand,53.31216,-6.247767,316822,230505,"Wilder & Green, Milltown",4
Sheffield Stand,53.353598,-6.291439,313802,235045,Oxmantown Road (Cowper Street Jct),5
Sheffield Stand,53.354525,-6.292933,313700,235146,Oxmantown Road (opposite the mascott pub),4
Sheffield Stand,53.349167,-6.281974,314444,234567,Blackhall Place(Jct with Blackhall Green),4
Sheffield Stand,53.358943,-6.25684,316091,235696,North Circular Road(Spar @ Portland Street Jct),5
Sheffield Stand,53.33704426,-6.286518574,314174,233211,Cork Street (Centz),4
Sheffield Stand,53.378562,-6.178134,321274,238010,All Saints Drive (Outside Raheny GAA),5
Sheffield Stand,53.338325,-6.2723897,315111,233376,New Street South (Maldron Hotel),4
Sheffield Stand,53.338254,-6.262208,315789,233385,St Stephens Green (outside RSCI),4
Sheffield Stand,53.364132,-6.272032,315065,236249,Phibsborough Road (Opposite Bald Eagle Pub),3
Sheffield Stand,53.36999,-6.14895,323240,237106,Causeway Road Clontarf,27
Sheffield Stand,53.34813,-6.29417,313634,234433,Parkgate Street (Jct with infirmary road - Nancy Hands pub),5
Sheffield Stand,53.34365,-6.281284,314504,233955,Bridgefoot Street (Jct with Thomas Street),10
Temporary Racks,53.348928,-6.260975,315842,234575,Princes Street North (pennys at Oconnel Street),13
Temporary Racks,53.34852,-6.264058,315638,234524,Liffey Street,15
Temporary Racks,53.356239,-6.244854,316896,235414,North Strand Road jct with Shamrock Place,10
Sheffield Stand,53.3481122,-6.2941508,313636,234431,Parkgate Street,3
Sheffield Stand,53.322805, -6.236991,317511,231707,Mulberry Lane Car Park,8
Temporary Racks,53.341848,-6.253055,316389,233800,Leinster Street South (Building No.9),10
Sheffield Stand,53.341653,-6.3028928,313071,233698,Kilmainham Lane (House No.6),5
Sheffield Stand,53.314828,-6.295824,313613,230724,Kimmage Road Lower,2
Sheffield Stand,53.349583,-6.26769,315394,234637,Wolf Tone Street (opposite Griffith College),6
Sheffield Stand,53.332375,-6.266876,315494,232723,Synge Street (close to Synge Lane),5
Sheffield Stand,53.341087, -6.236043,317524,233743,South Dock Street (jct with Barrow St),5
Sheffield Stand,53.313495,-6.24677,316885,230655,Milltown Road (outside Poise),5
Sheffield Stand,53.336882,-6.259567,315969,233237,St Stephens Green South,3
Sheffield Stand,53.334384,-6.258206,316066,232961,Earlsfort Terrace (Outside HPRA),4
Sheffield Stand,53.346122, -6.272299,315096,234244,Chancery Place (outside Dublin Christian Mission),8
Sheffield Stand,53.382456,-6.195036,320138,238414,McAuley Road (Outside Entrance to St Pauls Artane FC),9
Sheffield Stand,53.322066,-6.267124,315506,231576,Wynnefield Road (Outside Rathmine Bikes),5
Sheffield Stand,53.335506, -6.256507,316176,233088,Lesson Street Lower (Outside The Sugar Club),3
Sheffield Stand,53.354491,-6.229751,317906,235245,East Road (Jct with Bargy Road),3
Sheffield Stand,53.367071,-6.293967,313598,236540,Fassaugh Avenue (Outside Londis),4
Sheffield Stand,53.334169, -6.265531,315579,232925,Grantham Street (Jct with Camden St Lower),5
Sheffield Stand,53.333541, -6.241728,317166,232894,St Marys Road Ballsbridge (Jct with Baggot Lane),4
Sheffield Stand,53.356739,-6.233024,317682,235489,Church Road (Outside Colt Technology),3
Sheffield Stand,53.349525, -6.227120,318095,234697,East Wall Road (Jct with Sheriff St Upper),5
Sheffield Stand,53.382604,-6.277686,314639,238295,Fitzmaurice Rd (Outside Ballgall Credit Union),4
Sheffield Stand,53.352352, -6.243393,317004,234984,Seville Place (Jct with Oriel St Lower),3
Sheffield Stand,53.335487, -6.242767,317092,233109,Percy Place (opposite Investment house),5
Sheffield Stand,53.341102, -6.268772,315344,233691,Chancery Lane (Outside Plus Architecture),3
Sheffield Stand,53.353055, -6.244337,316939,235061,Seville Place (Jct with Coburg Place),5
Sheffield Stand,53.333891, -6.257983,316082,232906,Hatch Street Upper (Outside Eversheds),4
Sheffield Stand,53.345087,-6.2547123,316270,234157,Pearse Street (Outside Aras An Phiarsaigh),4
Sheffield Stand,53.340457,-6.243109,317055,233661,Eblana Villas (Jct with Grand Canal Street Lower),5
Sheffield Stand,53.333835,-6.2598105,315961,232897,Hatch Street Upper (Outside Hardwicke House),3
Sheffield Stand,53.34707291,-6.282331844,314426,234334,Blackhall Place (outside Spar),3
Sheffield Stand,53.366893,-6.292718,313681,236523,Fassaugh Avenue (Outside NCBI),3
Sheffield Stand,53.328537,-6.23059,317922,232356,Anglesea Road (Jct Merrion Road),2
Sheffield Stand,53.328424,-6.230617,317920,232343,Anglesea Road (Jct Merrion Road),2
Sheffield Stand,53.33397937,-6.261724242,315833,232910,Hatch Street Upper (Outside One Place Park),4
Sheffield Stand,53.363278,-6.243744,316950,236199,Richmond Road (Jct with Richmond Avenue),3
Sheffield Stand,53.357415,-6.257314,316063,235525,Mountjoy Square North (Jct with MJS East),3
Sheffield Stand,53.362822,-6.178398,321301,236258,Clontarf Road (Jct with Dollymount Park),3
Sheffield Stand,53.323646,-6.250202,316629,231779,Cullenswood Park ( Jct with Ranelagh Road),5
Sheffield Stand,53.387103,-6.242104,316994,238853,N1 Ramp Road (Just off Ellenfield Park),4
Sheffield Stand,53.391242,-6.234954,317458,239325,Lorcan Avenue (Outside Kilmardinny Inn),4
Sheffield Stand,53.324841,-6.240554,317268,231928,Morehampton Road (Jct with Herbert Park),3
Sheffield Stand,53.323811,-6.327954,311448,231673,Walkinstown Road (Carprk opposite Halfway house),4
Sheffield Stand,53.39013,-6.311036,312401,239079,Mellows Road (Outside Community Center),3
Sheffield Stand,53.367375,-6.298704,313282,236567,Fassaugh Avenue (Cabra House Pub),3
Sheffield Stand,53.367392,-6.299124,313254,236568,Fassaugh Avenue (outside spar & Centra),3
Sheffield Stand,53.33391504,-6.260607446,315908,232905,Hatch Street Upper (Outside Three Park Place),4
Sheffield Stand,53.37237867,-6.194035777,320233,237295,Sybil Hill Road (Entrance to St Annes Park),5
Sheffield Stand,53.34591638,-6.27587837,314858,234216,Arran Quay,10
Sheffield Stand,53.333725,-6.269798,315296,232869,Ovova Road (Outside City Building Supply),5
Sheffield Stand,53.341311,-6.257962,316064,233732,"The Ivy, Molesworth Street (Jct with Dawson St)",5
Sheffield Stand,53.361605,-6.28613,314134,235945,Imaal Road,3
Sheffield Stand,53.37729,-6.275765,314782,237707,"Hockey Club, Old Finglas Road",5
Sheffield Stand,53.371418,-6.166817,322047,237234,James Larkin Road (Clontarf),8
Cargo bike stands,53.336841,-6.259403,315980,233232,St Stephens Green South,3
Sheffield Stand,53.3759,-6.209,319228,237661,Killester Ave (Jct with Killester Park),4
Sheffield Stand,53.375602,-6.209501,319195,237627,Killester Ave (Jct with Killester Park),4
Sheffield Stand,53.355902,-6.265499,315522,235343,Dorset Street Upper (Outside Gala),4
Sheffield Stand,53.392112,-6.205152,319438,239472,Coolock Drive (Jct with Oscar Traynor Rd),3
Sheffield Stand,53.400056,-6.171093,321681,240413,Elmfield Rise (Outside Spar),5
Sheffield Stand,53.366278,-6.256676,316082,236512,Carlingford Road (Opposite Andersons Creperie),5
Sheffield Stand,53.38089,-6.245648,316776,238156,Swords Road (The Viscount),4
Sheffield Stand,53.35750389,-6.248031086,316681,235550,William Street North (Outside Lowrys),5
Sheffield Stand,53.349409,-6.229783,317918,234679,North Wall Ave (Madden Property Consultants),5
Sheffield Stand,53.341904,-6.307589,312757,233719,Kilmainham Lane (Opposite La Dolce Vita),5
Sheffield Stand,53.3240331,-6.278548121,314739,231776,Harolds Cross Road (Greyhound Stadium),3
Sheffield Stand,53.358146,-6.267227,315401,235590,Nelson Street (Centre for Nurse Ed),5
Sheffield Stand,53.36073337,-6.26076081,315825,235889,Innisfallen Parade (Jct Dorset St Lower),5
Sheffield Stand,53.335579,-6.268985,315345,233076,Arnott Street (Jct with Heytesbury St),5
Sheffield Stand,53.31449,-6.282547,314498,230708,Terenure Road North (Terenure Laundrette),4
Sheffield Stand,53.325842,-6.289827,313983,231960,Eamoon Ceannt Park (Clogher Rd/Rutland Rd) Sundrive Pavillion,5
Sheffield Stand,53.32797593,-6.220836032,318573,232309,Holyrood Park (Jct with Sandymount Ave),5
Sheffield Stand,53.346316,-6.255063,316243,234294,Tara Street (irish Times),3
Sheffield Stand,53.34600478,-6.255049903,316245,234259,Tara Street (irish Times),3
Sheffield Stand,53.386623,-6.211416,319037,238850,Maryfield Ave (Ardlea Inn),5
Sheffield Stand,53.393498,-6.203269,319560,239629,Coolock Drive (Mr Price),4
Sheffield Stand,53.331016,-6.319627,311984,232488,Mourne Road (Our Lady of Mercy Secondary School),5
Sheffield Stand,53.339315,-6.316478,312172,233416,St Michaels Estate (opposite Community Sports Centre),4
Sheffield Stand,53.35561866,-6.265913827,315496,235311,Wellington Street (Delahuntys Bar),0
Sheffield Stand,53.338659,-6.322062,311802,233335,Tyreconnell Road (Tesco),3
Sheffield Stand,53.315996,-6.26526,315646,230903,Rathmines Road Upper (Jct with Maxwell Lane),5
Sheffield Stand,53.322721,-6.230233,317962,231709,Angelesea Raod (Brookfield Apartments),5
Sheffield Stand,53.333972,-6.301908,313157,232845,Dolphin Road (Crumlin),5
Sheffield Stand,53.34514,-6.308024,312720,234078,Islandbridge,3
Sheffield Stand +Cargo Stand,53.352257,-6.28415,314291,234908,Manor Place (Manor Street Jct),3
Sheffield Stand,53.368913,-6.254743,316203,236808,Drumcondra Rd Upper (Outside Insomnia),3
Sheffield Stand,53.376327,-6.250063,316494,237641,Drumcondra Rd Upper ( Home Farm FC),3
Sheffield Stand,53.384768,-6.243105,316934,238592,Swords Road ( Holy Child Church @ railing),3
Sheffield Stand,53.382077,-6.244497,316849,238290,Swords Road (Jct Collins Ave),3
Sheffield Stand,53.373835,-6.175331,321474,237488,Saint Annes Car Park,10
Sheffield Stand,53.355563,-6.2647773,315571,235307,Frederick Street North,5
Sheffield Stand,53.357288,-6.266006,315485,235497,St Josephs Parade (National Training Center),5
Sheffield Stand,53.307368,-6.299807,313367,229888,"Greenlea Road, Terenure",5
Sheffield Stand,53.347219,-6.283783,314328,234348,Ellis Street,7
Sheffield Stand,53.381154,-6.208471,319248,238247,"McHughs, Malahide Road",4
Sheffield Stand,53.317304,-6.332645,311153,230942,"Kestral, Cromwellsfort Road",3
Sheffield Stand,53.321338,-6.234825,317659,231548,"Spar, Donnybrook Road",3
Sheffield Stand,53.350851,-6.25142,316473,234804,Talbot Place,5
Sheffield Stand,53.325628,-6.226857,318178,232038,Simmonscourt Road,5
Sheffield Stand,53.321919,-6.25632,316226,231577,"Lios na nOg, Oakley Road",5
Sheffield Stand,53.354861,-6.29025,313878,235188,"Aughrim Street Sports Hall, Aughrim Street",5
Sheffield Stand,53.353064,-6.285122,314224,234996,Manor Street,3
Sheffield Stand,53.319003,-6.281421,314561,231212,Clareville Road,5
Sheffield Stand,53.321075,-6.255761,316265,231484,Moyne Road,5
Sheffield Stand,53.327007,-6.258448,316070,232140,Mount Pleasant Square,5
Sheffield Stand,53.331339,-6.23449,317654,232661,"Finance Ireland, Pembroke Road",4
Sheffield Stand,53.331121,-6.2339,317694,232638,"Hume House, Pembroke Road",4
Sheffield Stand,53.320952,-6.257226,316168,231468,"The hardware Store, Dunville Avenue",5
Sheffield Stand,53.364032,-6.199151,319916,236357,"Seafield Road West, Clontarf",5
Sheffield Stand,53.35830128,-6.250524612,316513,235635,Richmond Street North,5
Sheffield Stand,53.302703,-6.297947,313503,229372,"Terenure College Swimming Pool, Fortfield Road",4
Sheffield Stand,53.321886,-6.239063,317376,231602,Mount Eden Road,5
Sheffield Stand,53.326692,-6.258051,316098,232105,Old Mountpleasant 1,2
Sheffield Stand,53.32661,-6.257754,316118,232097,Old Mountpleasant 2,7
Sheffield Stand,53.349867,-6.34487,310254,234546,"Main Street, Chapolizad",5
Sheffield Stand,53.369308,-6.271493,315087,236825,Prospect Square Installation,5
Sheffield Stand,53.318298,-6.2108075,319268,231249,"Circle K, Merrion Road",5
Sheffield Stand,53.355012,-6.266235,315476,235243,"Aparto, Dorset St Upper",5
Sheffield Stand,53.340166,-6.316787,312150,233511,Emmet Road (McDowells Pub),5
Sheffield Stand,53.332867,-6.26012,315943,232789,Adelaide Road (Montague House),5
Sheffield Stand,53.37982,-6.210781,319098,238095,Malahide Road (Kilmore Rd Jct),4
Sheffield Stand,53.337525,-6.251547,316501,233321,Pembroke Street Lower (Californian Burrito Bar),5
Sheffield Stand,53.339931,-6.22746,318099,233628,Dermot O'Hurley Ave,5
Sheffield Stand,53.336778,-6.244001,317006,233250,Mount Street Crescent (Herbert St Jct),5
Sheffield Stand,53.321183,-6.335011,310985,231370,Walkinstown Green (Heritage Credit Union),5
Sheffield Stand,53.332977,-6.249024,316682,232819,Mespil Road (Opposite building 39),5
Sheffield Stand,53.351541,-6.267718,315386,234854,Kings Inn Street,5
Sheffield Stand,53.337751,-6.323397,311716,233232,Tyrconnell Street (Tyreconnel Road Jct),5
Sheffield Stand,53.329331,-6.258119,316086,232399,Dartmouth Road (Dartmouth Place Jct),5
Sheffield Stand,53.365796,-6.262973,315664,236448,Crawford Ave (Iona Road Jct),5
Sheffield Stand,53.333881,-6.251684,316502,232916,Cumberland Road (Fitzwilliam Place Jct),5
Sheffield Stand,53.332713,-6.257413,316124,232776,Adelaide Road (jct Hatch Lane),5
Sheffield Stand,53.332099,-6.305912,312895,232630,Slievenamon Road (Keeper Road Jct),5
Sheffield Stand,53.331071,-6.231793,317835,232635,Shelbourne Road (Starbucks),5
Sheffield Stand,53.327586,-6.235294,317611,232242,Herbert Park (astro turf entrance),7
Sheffield Stand,53.352445,-6.291885,313775,234916,Swords Street (Thor Park),5
Sheffield Stand,53.353166,-6.291547,313796,234997,Swords Street (Finn Street Jct),5
Sheffield Stand,53.339636,-6.272362,315109,233522,Patrick Street (St Patricks Cathedral),5
Sheffield Stand,53.364059,-6.197649,320016,236363,Seafield Road West (St John Baptist School),5
Sheffield Stand,53.3723,-6.252584,316337,237189,Drumcondra Road (Chilli Banana),3
Sheffield Stand,53.345667,-6.25093,316520,234228,Townsend Street,5
Sheffield Stand,53.340166,-6.316787,312150,233511,Emmet Road,5
Sheffield Stand,53.340891,-6.265634,315554,233673,Aungier Street,5
Sheffield Stand,53.340305,-6.315118,312260,233529,Emmet Road,5
Sheffield Stand,53.364387,-6.275507,314833,236271,Leinster Street North,5
Sheffield Stand,53.3524,-6.289245,313951,234916,Oxmantown Road,3
Sheffield Stand,53.374373,-6.255575,316133,237415,Clare Road,5
Sheffield Stand,53.335965,-6.2624615,315779,233130,Clonmel Street,3
Sheffield Stand,53.317272,-6.2922769,313843,231002,Kimmage Grove,5
Sheffield Stand,53.364992,-6.260116,315856,236363,St Alphonsus Road,3
Sheffield Stand,53.348463,-6.28003,314575,234492,Blackhall Street,4
Sheffield Stand,53.33703972,-6.254552121,316302,233262,Ely Place,4
Sheffield Stand,53.382512,-6.261817,315695,238310,Albert College Park,10
Sheffield Stand,53.350008,-6.283897,314313,234658,Viking Place,4
Sheffield Stand,53.342442,-6.349356,309975,233713,Ballyfermot Road,5
Sheffield Stand,53.335294,-6.294869,313622,233003,South Circular Road,5
